filename,city
image_17000.jpg,Izmir
image_17001.jpg,Izmir
image_17002.jpg,Istanbul
image_17003.jpg,Istanbul
image_17004.jpg,Izmir
image_17005.jpg,Ankara
image_17006.jpg,Istanbul
image_17007.jpg,Istanbul
image_17008.jpg,Izmir
image_17009.jpg,Izmir
image_17010.jpg,Istanbul
image_17011.jpg,Istanbul
image_17012.jpg,Istanbul
image_17013.jpg,Ankara
image_17014.jpg,Ankara
image_17015.jpg,Izmir
image_17016.jpg,Istanbul
image_17017.jpg,Izmir
image_17018.jpg,Istanbul
image_17019.jpg,Ankara
image_17020.jpg,Ankara
image_17021.jpg,Ankara
image_17022.jpg,Izmir
image_17023.jpg,Izmir
image_17024.jpg,Istanbul
image_17025.jpg,Izmir
image_17026.jpg,Ankara
image_17027.jpg,Ankara
image_17028.jpg,Istanbul
image_17029.jpg,Istanbul
image_17030.jpg,Istanbul
image_17031.jpg,Izmir
image_17032.jpg,Ankara
image_17033.jpg,Ankara
image_17034.jpg,Ankara
image_17035.jpg,Istanbul
image_17036.jpg,Izmir
image_17037.jpg,Izmir
image_17038.jpg,Izmir
image_17039.jpg,Ankara
image_17040.jpg,Ankara
image_17041.jpg,Istanbul
image_17042.jpg,Ankara
image_17043.jpg,Izmir
image_17044.jpg,Istanbul
image_17045.jpg,Istanbul
image_17046.jpg,Izmir
image_17047.jpg,Izmir
image_17048.jpg,Izmir
image_17049.jpg,Izmir
image_17050.jpg,Ankara
image_17051.jpg,Izmir
image_17052.jpg,Izmir
image_17053.jpg,Istanbul
image_17054.jpg,Ankara
image_17055.jpg,Istanbul
image_17056.jpg,Istanbul
image_17057.jpg,Izmir
image_17058.jpg,Izmir
image_17059.jpg,Izmir
image_17060.jpg,Istanbul
image_17061.jpg,Istanbul
image_17062.jpg,Istanbul
image_17063.jpg,Ankara
image_17064.jpg,Ankara
image_17065.jpg,Ankara
image_17066.jpg,Istanbul
image_17067.jpg,Izmir
image_17068.jpg,Istanbul
image_17069.jpg,Istanbul
image_17070.jpg,Ankara
image_17071.jpg,Ankara
image_17072.jpg,Istanbul
image_17073.jpg,Istanbul
image_17074.jpg,Izmir
image_17075.jpg,Izmir
image_17076.jpg,Ankara
image_17077.jpg,Istanbul
image_17078.jpg,Izmir
image_17079.jpg,Ankara
image_17080.jpg,Ankara
image_17081.jpg,Istanbul
image_17082.jpg,Istanbul
image_17083.jpg,Ankara
image_17084.jpg,Izmir
image_17085.jpg,Istanbul
image_17086.jpg,Istanbul
image_17087.jpg,Izmir
image_17088.jpg,Istanbul
image_17089.jpg,Istanbul
image_17090.jpg,Izmir
image_17091.jpg,Ankara
image_17092.jpg,Istanbul
image_17093.jpg,Istanbul
image_17094.jpg,Istanbul
image_17095.jpg,Izmir
image_17096.jpg,Istanbul
image_17097.jpg,Izmir
image_17098.jpg,Izmir
image_17099.jpg,Izmir
image_17100.jpg,Istanbul
image_17101.jpg,Istanbul
image_17102.jpg,Izmir
image_17103.jpg,Izmir
image_17104.jpg,Ankara
image_17105.jpg,Izmir
image_17106.jpg,Istanbul
image_17107.jpg,Izmir
image_17108.jpg,Istanbul
image_17109.jpg,Istanbul
image_17110.jpg,Istanbul
image_17111.jpg,Ankara
image_17112.jpg,Izmir
image_17113.jpg,Istanbul
image_17114.jpg,Ankara
image_17115.jpg,Izmir
image_17116.jpg,Istanbul
image_17117.jpg,Izmir
image_17118.jpg,Istanbul
image_17119.jpg,Istanbul
image_17120.jpg,Ankara
image_17121.jpg,Izmir
image_17122.jpg,Istanbul
image_17123.jpg,Izmir
image_17124.jpg,Ankara
image_17125.jpg,Istanbul
image_17126.jpg,Istanbul
image_17127.jpg,Ankara
image_17128.jpg,Ankara
image_17129.jpg,Istanbul
image_17130.jpg,Istanbul
image_17131.jpg,Istanbul
image_17132.jpg,Izmir
image_17133.jpg,Istanbul
image_17134.jpg,Istanbul
image_17135.jpg,Istanbul
image_17136.jpg,Ankara
image_17137.jpg,Istanbul
image_17138.jpg,Ankara
image_17139.jpg,Ankara
image_17140.jpg,Ankara
image_17141.jpg,Istanbul
image_17142.jpg,Izmir
image_17143.jpg,Istanbul
image_17144.jpg,Izmir
image_17145.jpg,Izmir
image_17146.jpg,Izmir
image_17147.jpg,Izmir
image_17148.jpg,Ankara
image_17149.jpg,Ankara
image_17150.jpg,Istanbul
image_17151.jpg,Izmir
image_17152.jpg,Istanbul
image_17153.jpg,Istanbul
image_17154.jpg,Istanbul
image_17155.jpg,Izmir
image_17156.jpg,Ankara
image_17157.jpg,Istanbul
image_17158.jpg,Ankara
image_17159.jpg,Izmir
image_17160.jpg,Istanbul
image_17161.jpg,Istanbul
image_17162.jpg,Ankara
image_17163.jpg,Ankara
image_17164.jpg,Ankara
image_17165.jpg,Ankara
image_17166.jpg,Ankara
image_17167.jpg,Ankara
image_17168.jpg,Izmir
image_17169.jpg,Izmir
image_17170.jpg,Istanbul
image_17171.jpg,Ankara
image_17172.jpg,Ankara
image_17173.jpg,Ankara
image_17174.jpg,Ankara
image_17175.jpg,Izmir
image_17176.jpg,Istanbul
image_17177.jpg,Istanbul
image_17178.jpg,Istanbul
image_17179.jpg,Istanbul
image_17180.jpg,Istanbul
image_17181.jpg,Izmir
image_17182.jpg,Ankara
image_17183.jpg,Istanbul
image_17184.jpg,Istanbul
image_17185.jpg,Izmir
image_17186.jpg,Istanbul
image_17187.jpg,Izmir
image_17188.jpg,Istanbul
image_17189.jpg,Ankara
image_17190.jpg,Izmir
image_17191.jpg,Izmir
image_17192.jpg,Istanbul
image_17193.jpg,Istanbul
image_17194.jpg,Ankara
image_17195.jpg,Ankara
image_17196.jpg,Ankara
image_17197.jpg,Izmir
image_17198.jpg,Izmir
image_17199.jpg,Izmir
image_17200.jpg,Ankara
image_17201.jpg,Ankara
image_17202.jpg,Ankara
image_17203.jpg,Izmir
image_17204.jpg,Izmir
image_17205.jpg,Izmir
image_17206.jpg,Istanbul
image_17207.jpg,Istanbul
image_17208.jpg,Ankara
image_17209.jpg,Ankara
image_17210.jpg,Ankara
image_17211.jpg,Istanbul
image_17212.jpg,Ankara
image_17213.jpg,Istanbul
image_17214.jpg,Ankara
image_17215.jpg,Ankara
image_17216.jpg,Istanbul
image_17217.jpg,Ankara
image_17218.jpg,Ankara
image_17219.jpg,Izmir
image_17220.jpg,Istanbul
image_17221.jpg,Ankara
image_17222.jpg,Ankara
image_17223.jpg,Istanbul
image_17224.jpg,Istanbul
image_17225.jpg,Istanbul
image_17226.jpg,Ankara
image_17227.jpg,Istanbul
image_17228.jpg,Izmir
image_17229.jpg,Istanbul
image_17230.jpg,Istanbul
image_17231.jpg,Izmir
image_17232.jpg,Istanbul
image_17233.jpg,Istanbul
image_17234.jpg,Izmir
image_17235.jpg,Istanbul
image_17236.jpg,Ankara
image_17237.jpg,Ankara
image_17238.jpg,Izmir
image_17239.jpg,Istanbul
image_17240.jpg,Izmir
image_17241.jpg,Istanbul
image_17242.jpg,Istanbul
image_17243.jpg,Istanbul
image_17244.jpg,Izmir
image_17245.jpg,Izmir
image_17246.jpg,Izmir
image_17247.jpg,Ankara
image_17248.jpg,Istanbul
image_17249.jpg,Izmir
image_17250.jpg,Izmir
image_17251.jpg,Istanbul
image_17252.jpg,Ankara
image_17253.jpg,Istanbul
image_17254.jpg,Izmir
image_17255.jpg,Istanbul
image_17256.jpg,Ankara
image_17257.jpg,Izmir
image_17258.jpg,Ankara
image_17259.jpg,Istanbul
image_17260.jpg,Izmir
image_17261.jpg,Ankara
image_17262.jpg,Ankara
image_17263.jpg,Izmir
image_17264.jpg,Ankara
image_17265.jpg,Ankara
image_17266.jpg,Izmir
image_17267.jpg,Ankara
image_17268.jpg,Istanbul
image_17269.jpg,Ankara
image_17270.jpg,Ankara
image_17271.jpg,Izmir
image_17272.jpg,Ankara
image_17273.jpg,Ankara
image_17274.jpg,Ankara
image_17275.jpg,Istanbul
image_17276.jpg,Ankara
image_17277.jpg,Izmir
image_17278.jpg,Istanbul
image_17279.jpg,Istanbul
image_17280.jpg,Istanbul
image_17281.jpg,Istanbul
image_17282.jpg,Istanbul
image_17283.jpg,Izmir
image_17284.jpg,Istanbul
image_17285.jpg,Istanbul
image_17286.jpg,Istanbul
image_17287.jpg,Ankara
image_17288.jpg,Izmir
image_17289.jpg,Istanbul
image_17290.jpg,Izmir
image_17291.jpg,Izmir
image_17292.jpg,Istanbul
image_17293.jpg,Ankara
image_17294.jpg,Izmir
image_17295.jpg,Ankara
image_17296.jpg,Izmir
image_17297.jpg,Izmir
image_17298.jpg,Ankara
image_17299.jpg,Ankara
image_17300.jpg,Ankara
image_17301.jpg,Istanbul
image_17302.jpg,Izmir
image_17303.jpg,Izmir
image_17304.jpg,Izmir
image_17305.jpg,Izmir
image_17306.jpg,Ankara
image_17307.jpg,Ankara
image_17308.jpg,Istanbul
image_17309.jpg,Izmir
image_17310.jpg,Istanbul
image_17311.jpg,Izmir
image_17312.jpg,Istanbul
image_17313.jpg,Istanbul
image_17314.jpg,Ankara
image_17315.jpg,Ankara
image_17316.jpg,Ankara
image_17317.jpg,Izmir
image_17318.jpg,Izmir
image_17319.jpg,Ankara
image_17320.jpg,Ankara
image_17321.jpg,Ankara
image_17322.jpg,Istanbul
image_17323.jpg,Izmir
image_17324.jpg,Izmir
image_17325.jpg,Istanbul
image_17326.jpg,Istanbul
image_17327.jpg,Ankara
image_17328.jpg,Istanbul
image_17329.jpg,Istanbul
image_17330.jpg,Istanbul
image_17331.jpg,Istanbul
image_17332.jpg,Istanbul
image_17333.jpg,Istanbul
image_17334.jpg,Istanbul
image_17335.jpg,Istanbul
image_17336.jpg,Ankara
image_17337.jpg,Istanbul
image_17338.jpg,Istanbul
image_17339.jpg,Izmir
image_17340.jpg,Istanbul
image_17341.jpg,Istanbul
image_17342.jpg,Istanbul
image_17343.jpg,Izmir
image_17344.jpg,Ankara
image_17345.jpg,Istanbul
image_17346.jpg,Istanbul
image_17347.jpg,Izmir
image_17348.jpg,Ankara
image_17349.jpg,Istanbul
image_17350.jpg,Istanbul
image_17351.jpg,Izmir
image_17352.jpg,Istanbul
image_17353.jpg,Ankara
image_17354.jpg,Istanbul
image_17355.jpg,Izmir
image_17356.jpg,Ankara
image_17357.jpg,Istanbul
image_17358.jpg,Izmir
image_17359.jpg,Istanbul
image_17360.jpg,Izmir
image_17361.jpg,Istanbul
image_17362.jpg,Istanbul
image_17363.jpg,Ankara
image_17364.jpg,Izmir
image_17365.jpg,Istanbul
image_17366.jpg,Izmir
image_17367.jpg,Ankara
image_17368.jpg,Istanbul
image_17369.jpg,Istanbul
image_17370.jpg,Istanbul
image_17371.jpg,Ankara
image_17372.jpg,Izmir
image_17373.jpg,Izmir
image_17374.jpg,Istanbul
image_17375.jpg,Ankara
image_17376.jpg,Istanbul
image_17377.jpg,Istanbul
image_17378.jpg,Istanbul
image_17379.jpg,Ankara
image_17380.jpg,Ankara
image_17381.jpg,Istanbul
image_17382.jpg,Izmir
image_17383.jpg,Ankara
image_17384.jpg,Ankara
image_17385.jpg,Istanbul
image_17386.jpg,Ankara
image_17387.jpg,Istanbul
image_17388.jpg,Istanbul
image_17389.jpg,Istanbul
image_17390.jpg,Izmir
image_17391.jpg,Izmir
image_17392.jpg,Istanbul
image_17393.jpg,Izmir
image_17394.jpg,Istanbul
image_17395.jpg,Ankara
image_17396.jpg,Istanbul
image_17397.jpg,Izmir
image_17398.jpg,Ankara
image_17399.jpg,Ankara
image_17400.jpg,Istanbul
image_17401.jpg,Izmir
image_17402.jpg,Istanbul
image_17403.jpg,Izmir
image_17404.jpg,Izmir
image_17405.jpg,Istanbul
image_17406.jpg,Ankara
image_17407.jpg,Istanbul
image_17408.jpg,Ankara
image_17409.jpg,Izmir
image_17410.jpg,Istanbul
image_17411.jpg,Izmir
image_17412.jpg,Istanbul
image_17413.jpg,Ankara
image_17414.jpg,Ankara
image_17415.jpg,Istanbul
image_17416.jpg,Izmir
image_17417.jpg,Izmir
image_17418.jpg,Izmir
image_17419.jpg,Ankara
image_17420.jpg,Ankara
image_17421.jpg,Ankara
image_17422.jpg,Izmir
image_17423.jpg,Istanbul
image_17424.jpg,Ankara
image_17425.jpg,Izmir
image_17426.jpg,Izmir
image_17427.jpg,Istanbul
image_17428.jpg,Istanbul
image_17429.jpg,Istanbul
image_17430.jpg,Ankara
image_17431.jpg,Izmir
image_17432.jpg,Istanbul
image_17433.jpg,Istanbul
image_17434.jpg,Ankara
image_17435.jpg,Istanbul
image_17436.jpg,Ankara
image_17437.jpg,Istanbul
image_17438.jpg,Ankara
image_17439.jpg,Istanbul
image_17440.jpg,Izmir
image_17441.jpg,Ankara
image_17442.jpg,Istanbul
image_17443.jpg,Istanbul
image_17444.jpg,Istanbul
image_17445.jpg,Ankara
image_17446.jpg,Izmir
image_17447.jpg,Ankara
image_17448.jpg,Istanbul
image_17449.jpg,Istanbul
image_17450.jpg,Ankara
image_17451.jpg,Izmir
image_17452.jpg,Istanbul
image_17453.jpg,Ankara
image_17454.jpg,Istanbul
image_17455.jpg,Istanbul
image_17456.jpg,Istanbul
image_17457.jpg,Izmir
image_17458.jpg,Istanbul
image_17459.jpg,Izmir
image_17460.jpg,Istanbul
image_17461.jpg,Istanbul
image_17462.jpg,Ankara
image_17463.jpg,Istanbul
image_17464.jpg,Izmir
image_17465.jpg,Istanbul
image_17466.jpg,Istanbul
image_17467.jpg,Ankara
image_17468.jpg,Ankara
image_17469.jpg,Istanbul
image_17470.jpg,Izmir
image_17471.jpg,Ankara
image_17472.jpg,Izmir
image_17473.jpg,Izmir
image_17474.jpg,Ankara
image_17475.jpg,Ankara
image_17476.jpg,Istanbul
image_17477.jpg,Ankara
image_17478.jpg,Istanbul
image_17479.jpg,Istanbul
image_17480.jpg,Istanbul
image_17481.jpg,Ankara
image_17482.jpg,Izmir
image_17483.jpg,Ankara
image_17484.jpg,Ankara
image_17485.jpg,Izmir
image_17486.jpg,Istanbul
image_17487.jpg,Izmir
image_17488.jpg,Istanbul
image_17489.jpg,Ankara
image_17490.jpg,Istanbul
image_17491.jpg,Izmir
image_17492.jpg,Izmir
image_17493.jpg,Ankara
image_17494.jpg,Ankara
image_17495.jpg,Istanbul
image_17496.jpg,Ankara
image_17497.jpg,Istanbul
image_17498.jpg,Istanbul
image_17499.jpg,Izmir
image_17500.jpg,Izmir
image_17501.jpg,Istanbul
image_17502.jpg,Ankara
image_17503.jpg,Ankara
image_17504.jpg,Izmir
image_17505.jpg,Izmir
image_17506.jpg,Istanbul
image_17507.jpg,Ankara
image_17508.jpg,Ankara
image_17509.jpg,Izmir
image_17510.jpg,Izmir
image_17511.jpg,Izmir
image_17512.jpg,Izmir
image_17513.jpg,Ankara
image_17514.jpg,Istanbul
image_17515.jpg,Istanbul
image_17516.jpg,Istanbul
image_17517.jpg,Izmir
image_17518.jpg,Istanbul
image_17519.jpg,Izmir
image_17520.jpg,Istanbul
image_17521.jpg,Izmir
image_17522.jpg,Ankara
image_17523.jpg,Ankara
image_17524.jpg,Istanbul
image_17525.jpg,Izmir
image_17526.jpg,Ankara
image_17527.jpg,Ankara
image_17528.jpg,Istanbul
image_17529.jpg,Istanbul
image_17530.jpg,Izmir
image_17531.jpg,Izmir
image_17532.jpg,Istanbul
image_17533.jpg,Istanbul
image_17534.jpg,Istanbul
image_17535.jpg,Izmir
image_17536.jpg,Istanbul
image_17537.jpg,Istanbul
image_17538.jpg,Izmir
image_17539.jpg,Izmir
image_17540.jpg,Istanbul
image_17541.jpg,Ankara
image_17542.jpg,Ankara
image_17543.jpg,Ankara
image_17544.jpg,Izmir
image_17545.jpg,Izmir
image_17546.jpg,Ankara
image_17547.jpg,Izmir
image_17548.jpg,Ankara
image_17549.jpg,Istanbul
image_17550.jpg,Izmir
image_17551.jpg,Izmir
image_17552.jpg,Izmir
image_17553.jpg,Istanbul
image_17554.jpg,Ankara
image_17555.jpg,Ankara
image_17556.jpg,Izmir
image_17557.jpg,Istanbul
image_17558.jpg,Ankara
image_17559.jpg,Istanbul
image_17560.jpg,Ankara
image_17561.jpg,Ankara
image_17562.jpg,Istanbul
image_17563.jpg,Istanbul
image_17564.jpg,Izmir
image_17565.jpg,Izmir
image_17566.jpg,Istanbul
image_17567.jpg,Istanbul
image_17568.jpg,Istanbul
image_17569.jpg,Ankara
image_17570.jpg,Istanbul
image_17571.jpg,Ankara
image_17572.jpg,Istanbul
image_17573.jpg,Istanbul
image_17574.jpg,Istanbul
image_17575.jpg,Ankara
image_17576.jpg,Istanbul
image_17577.jpg,Istanbul
image_17578.jpg,Ankara
image_17579.jpg,Istanbul
image_17580.jpg,Istanbul
image_17581.jpg,Istanbul
image_17582.jpg,Izmir
image_17583.jpg,Ankara
image_17584.jpg,Ankara
image_17585.jpg,Izmir
image_17586.jpg,Istanbul
image_17587.jpg,Izmir
image_17588.jpg,Istanbul
image_17589.jpg,Izmir
image_17590.jpg,Istanbul
image_17591.jpg,Istanbul
image_17592.jpg,Istanbul
image_17593.jpg,Istanbul
image_17594.jpg,Istanbul
image_17595.jpg,Istanbul
image_17596.jpg,Izmir
image_17597.jpg,Izmir
image_17598.jpg,Istanbul
image_17599.jpg,Istanbul
image_17600.jpg,Ankara
image_17601.jpg,Istanbul
image_17602.jpg,Ankara
image_17603.jpg,Izmir
image_17604.jpg,Istanbul
image_17605.jpg,Istanbul
image_17606.jpg,Ankara
image_17607.jpg,Izmir
image_17608.jpg,Ankara
image_17609.jpg,Istanbul
image_17610.jpg,Ankara
image_17611.jpg,Ankara
image_17612.jpg,Ankara
image_17613.jpg,Izmir
image_17614.jpg,Izmir
image_17615.jpg,Ankara
image_17616.jpg,Izmir
image_17617.jpg,Istanbul
image_17618.jpg,Istanbul
image_17619.jpg,Istanbul
image_17620.jpg,Ankara
image_17621.jpg,Ankara
image_17622.jpg,Ankara
image_17623.jpg,Istanbul
image_17624.jpg,Ankara
image_17625.jpg,Istanbul
image_17626.jpg,Izmir
image_17627.jpg,Istanbul
image_17628.jpg,Istanbul
image_17629.jpg,Izmir
image_17630.jpg,Ankara
image_17631.jpg,Ankara
image_17632.jpg,Istanbul
image_17633.jpg,Izmir
image_17634.jpg,Izmir
image_17635.jpg,Ankara
image_17636.jpg,Istanbul
image_17637.jpg,Izmir
image_17638.jpg,Istanbul
image_17639.jpg,Istanbul
image_17640.jpg,Ankara
image_17641.jpg,Istanbul
image_17642.jpg,Ankara
image_17643.jpg,Istanbul
image_17644.jpg,Ankara
image_17645.jpg,Izmir
image_17646.jpg,Izmir
image_17647.jpg,Ankara
image_17648.jpg,Istanbul
image_17649.jpg,Istanbul
image_17650.jpg,Istanbul
image_17651.jpg,Istanbul
image_17652.jpg,Izmir
image_17653.jpg,Izmir
image_17654.jpg,Istanbul
image_17655.jpg,Ankara
image_17656.jpg,Istanbul
image_17657.jpg,Istanbul
image_17658.jpg,Izmir
image_17659.jpg,Ankara
image_17660.jpg,Izmir
image_17661.jpg,Ankara
image_17662.jpg,Istanbul
image_17663.jpg,Izmir
image_17664.jpg,Ankara
image_17665.jpg,Istanbul
image_17666.jpg,Ankara
image_17667.jpg,Ankara
image_17668.jpg,Istanbul
image_17669.jpg,Ankara
image_17670.jpg,Izmir
image_17671.jpg,Ankara
image_17672.jpg,Istanbul
image_17673.jpg,Izmir
image_17674.jpg,Istanbul
image_17675.jpg,Ankara
image_17676.jpg,Istanbul
image_17677.jpg,Izmir
image_17678.jpg,Istanbul
image_17679.jpg,Istanbul
image_17680.jpg,Izmir
image_17681.jpg,Ankara
image_17682.jpg,Istanbul
image_17683.jpg,Ankara
image_17684.jpg,Ankara
image_17685.jpg,Istanbul
image_17686.jpg,Izmir
image_17687.jpg,Izmir
image_17688.jpg,Istanbul
image_17689.jpg,Istanbul
image_17690.jpg,Istanbul
image_17691.jpg,Izmir
image_17692.jpg,Ankara
image_17693.jpg,Istanbul
image_17694.jpg,Ankara
image_17695.jpg,Izmir
image_17696.jpg,Istanbul
image_17697.jpg,Istanbul
image_17698.jpg,Ankara
image_17699.jpg,Izmir
image_17700.jpg,Izmir
image_17701.jpg,Istanbul
image_17702.jpg,Istanbul
image_17703.jpg,Ankara
image_17704.jpg,Istanbul
image_17705.jpg,Ankara
image_17706.jpg,Istanbul
image_17707.jpg,Izmir
image_17708.jpg,Ankara
image_17709.jpg,Ankara
image_17710.jpg,Istanbul
image_17711.jpg,Izmir
image_17712.jpg,Izmir
image_17713.jpg,Izmir
image_17714.jpg,Istanbul
image_17715.jpg,Ankara
image_17716.jpg,Istanbul
image_17717.jpg,Istanbul
image_17718.jpg,Izmir
image_17719.jpg,Ankara
image_17720.jpg,Istanbul
image_17721.jpg,Istanbul
image_17722.jpg,Ankara
image_17723.jpg,Ankara
image_17724.jpg,Ankara
image_17725.jpg,Ankara
image_17726.jpg,Izmir
image_17727.jpg,Istanbul
image_17728.jpg,Istanbul
image_17729.jpg,Izmir
image_17730.jpg,Istanbul
image_17731.jpg,Ankara
image_17732.jpg,Istanbul
image_17733.jpg,Izmir
image_17734.jpg,Istanbul
image_17735.jpg,Istanbul
image_17736.jpg,Ankara
image_17737.jpg,Istanbul
image_17738.jpg,Istanbul
image_17739.jpg,Izmir
image_17740.jpg,Izmir
image_17741.jpg,Ankara
image_17742.jpg,Istanbul
image_17743.jpg,Ankara
image_17744.jpg,Istanbul
image_17745.jpg,Izmir
image_17746.jpg,Istanbul
image_17747.jpg,Izmir
image_17748.jpg,Istanbul
image_17749.jpg,Istanbul
image_17750.jpg,Istanbul
image_17751.jpg,Ankara
image_17752.jpg,Ankara
image_17753.jpg,Izmir
image_17754.jpg,Istanbul
image_17755.jpg,Izmir
image_17756.jpg,Ankara
image_17757.jpg,Ankara
image_17758.jpg,Ankara
image_17759.jpg,Ankara
image_17760.jpg,Izmir
image_17761.jpg,Izmir
image_17762.jpg,Istanbul
image_17763.jpg,Izmir
image_17764.jpg,Ankara
image_17765.jpg,Izmir
image_17766.jpg,Izmir
image_17767.jpg,Istanbul
image_17768.jpg,Istanbul
image_17769.jpg,Istanbul
image_17770.jpg,Istanbul
image_17771.jpg,Ankara
image_17772.jpg,Istanbul
image_17773.jpg,Ankara
image_17774.jpg,Ankara
image_17775.jpg,Istanbul
image_17776.jpg,Izmir
image_17777.jpg,Ankara
image_17778.jpg,Izmir
image_17779.jpg,Istanbul
image_17780.jpg,Izmir
image_17781.jpg,Istanbul
image_17782.jpg,Ankara
image_17783.jpg,Istanbul
image_17784.jpg,Ankara
image_17785.jpg,Ankara
image_17786.jpg,Ankara
image_17787.jpg,Izmir
image_17788.jpg,Istanbul
image_17789.jpg,Ankara
image_17790.jpg,Ankara
image_17791.jpg,Istanbul
image_17792.jpg,Izmir
image_17793.jpg,Istanbul
image_17794.jpg,Ankara
image_17795.jpg,Ankara
image_17796.jpg,Ankara
image_17797.jpg,Istanbul
image_17798.jpg,Istanbul
image_17799.jpg,Izmir
image_17800.jpg,Ankara
image_17801.jpg,Ankara
image_17802.jpg,Izmir
image_17803.jpg,Ankara
image_17804.jpg,Istanbul
image_17805.jpg,Ankara
image_17806.jpg,Istanbul
image_17807.jpg,Istanbul
image_17808.jpg,Izmir
image_17809.jpg,Ankara
image_17810.jpg,Izmir
image_17811.jpg,Ankara
image_17812.jpg,Istanbul
image_17813.jpg,Ankara
image_17814.jpg,Izmir
image_17815.jpg,Izmir
image_17816.jpg,Ankara
image_17817.jpg,Izmir
image_17818.jpg,Izmir
image_17819.jpg,Izmir
image_17820.jpg,Ankara
image_17821.jpg,Istanbul
image_17822.jpg,Izmir
image_17823.jpg,Izmir
image_17824.jpg,Istanbul
image_17825.jpg,Ankara
image_17826.jpg,Izmir
image_17827.jpg,Ankara
image_17828.jpg,Ankara
image_17829.jpg,Ankara
image_17830.jpg,Istanbul
image_17831.jpg,Istanbul
image_17832.jpg,Ankara
image_17833.jpg,Izmir
image_17834.jpg,Istanbul
image_17835.jpg,Istanbul
image_17836.jpg,Ankara
image_17837.jpg,Izmir
image_17838.jpg,Izmir
image_17839.jpg,Izmir
image_17840.jpg,Istanbul
image_17841.jpg,Izmir
image_17842.jpg,Ankara
image_17843.jpg,Ankara
image_17844.jpg,Istanbul
image_17845.jpg,Ankara
image_17846.jpg,Izmir
image_17847.jpg,Istanbul
image_17848.jpg,Istanbul
image_17849.jpg,Istanbul
image_17850.jpg,Izmir
image_17851.jpg,Istanbul
image_17852.jpg,Istanbul
image_17853.jpg,Istanbul
image_17854.jpg,Ankara
image_17855.jpg,Ankara
image_17856.jpg,Istanbul
image_17857.jpg,Ankara
image_17858.jpg,Izmir
image_17859.jpg,Istanbul
image_17860.jpg,Izmir
image_17861.jpg,Izmir
image_17862.jpg,Izmir
image_17863.jpg,Istanbul
image_17864.jpg,Ankara
image_17865.jpg,Izmir
image_17866.jpg,Istanbul
image_17867.jpg,Ankara
image_17868.jpg,Istanbul
image_17869.jpg,Ankara
image_17870.jpg,Istanbul
image_17871.jpg,Istanbul
image_17872.jpg,Ankara
image_17873.jpg,Istanbul
image_17874.jpg,Ankara
image_17875.jpg,Ankara
image_17876.jpg,Istanbul
image_17877.jpg,Istanbul
image_17878.jpg,Izmir
image_17879.jpg,Izmir
image_17880.jpg,Izmir
image_17881.jpg,Ankara
image_17882.jpg,Izmir
image_17883.jpg,Istanbul
image_17884.jpg,Istanbul
image_17885.jpg,Istanbul
image_17886.jpg,Istanbul
image_17887.jpg,Ankara
image_17888.jpg,Istanbul
image_17889.jpg,Izmir
image_17890.jpg,Ankara
image_17891.jpg,Izmir
image_17892.jpg,Ankara
image_17893.jpg,Izmir
image_17894.jpg,Istanbul
image_17895.jpg,Ankara
image_17896.jpg,Istanbul
image_17897.jpg,Istanbul
image_17898.jpg,Istanbul
image_17899.jpg,Ankara
image_17900.jpg,Ankara
image_17901.jpg,Istanbul
image_17902.jpg,Izmir
image_17903.jpg,Izmir
image_17904.jpg,Istanbul
image_17905.jpg,Ankara
image_17906.jpg,Izmir
image_17907.jpg,Istanbul
image_17908.jpg,Ankara
image_17909.jpg,Ankara
image_17910.jpg,Ankara
image_17911.jpg,Ankara
image_17912.jpg,Izmir
image_17913.jpg,Istanbul
image_17914.jpg,Izmir
image_17915.jpg,Ankara
image_17916.jpg,Ankara
image_17917.jpg,Izmir
image_17918.jpg,Istanbul
image_17919.jpg,Ankara
image_17920.jpg,Ankara
image_17921.jpg,Izmir
image_17922.jpg,Izmir
image_17923.jpg,Izmir
image_17924.jpg,Istanbul
image_17925.jpg,Izmir
image_17926.jpg,Istanbul
image_17927.jpg,Istanbul
image_17928.jpg,Istanbul
image_17929.jpg,Istanbul
image_17930.jpg,Izmir
image_17931.jpg,Ankara
image_17932.jpg,Izmir
image_17933.jpg,Istanbul
image_17934.jpg,Ankara
image_17935.jpg,Izmir
image_17936.jpg,Istanbul
image_17937.jpg,Izmir
image_17938.jpg,Izmir
image_17939.jpg,Istanbul
image_17940.jpg,Istanbul
image_17941.jpg,Istanbul
image_17942.jpg,Izmir
image_17943.jpg,Izmir
image_17944.jpg,Ankara
image_17945.jpg,Ankara
image_17946.jpg,Istanbul
image_17947.jpg,Istanbul
image_17948.jpg,Ankara
image_17949.jpg,Izmir
image_17950.jpg,Izmir
image_17951.jpg,Istanbul
image_17952.jpg,Izmir
image_17953.jpg,Ankara
image_17954.jpg,Izmir
image_17955.jpg,Istanbul
image_17956.jpg,Ankara
image_17957.jpg,Izmir
image_17958.jpg,Istanbul
image_17959.jpg,Izmir
image_17960.jpg,Ankara
image_17961.jpg,Istanbul
image_17962.jpg,Istanbul
image_17963.jpg,Izmir
image_17964.jpg,Izmir
image_17965.jpg,Izmir
image_17966.jpg,Ankara
image_17967.jpg,Ankara
image_17968.jpg,Istanbul
image_17969.jpg,Izmir
image_17970.jpg,Izmir
image_17971.jpg,Istanbul
image_17972.jpg,Istanbul
image_17973.jpg,Izmir
image_17974.jpg,Ankara
image_17975.jpg,Ankara
image_17976.jpg,Izmir
image_17977.jpg,Istanbul
image_17978.jpg,Izmir
image_17979.jpg,Izmir
image_17980.jpg,Istanbul
image_17981.jpg,Ankara
image_17982.jpg,Istanbul
image_17983.jpg,Izmir
image_17984.jpg,Izmir
image_17985.jpg,Izmir
image_17986.jpg,Izmir
image_17987.jpg,Izmir
image_17988.jpg,Ankara
image_17989.jpg,Istanbul
image_17990.jpg,Ankara
image_17991.jpg,Istanbul
image_17992.jpg,Ankara
image_17993.jpg,Izmir
image_17994.jpg,Ankara
image_17995.jpg,Ankara
image_17996.jpg,Istanbul
image_17997.jpg,Istanbul
image_17998.jpg,Ankara
image_17999.jpg,Izmir
image_18000.jpg,Izmir
image_18001.jpg,Ankara
image_18002.jpg,Ankara
image_18003.jpg,Istanbul
image_18004.jpg,Izmir
image_18005.jpg,Izmir
image_18006.jpg,Izmir
image_18007.jpg,Izmir
image_18008.jpg,Ankara
image_18009.jpg,Ankara
image_18010.jpg,Ankara
image_18011.jpg,Ankara
image_18012.jpg,Ankara
image_18013.jpg,Ankara
image_18014.jpg,Istanbul
image_18015.jpg,Izmir
image_18016.jpg,Istanbul
image_18017.jpg,Izmir
image_18018.jpg,Izmir
image_18019.jpg,Izmir
image_18020.jpg,Ankara
image_18021.jpg,Istanbul
image_18022.jpg,Istanbul
image_18023.jpg,Ankara
image_18024.jpg,Istanbul
image_18025.jpg,Ankara
image_18026.jpg,Ankara
image_18027.jpg,Izmir
image_18028.jpg,Izmir
image_18029.jpg,Izmir
image_18030.jpg,Izmir
image_18031.jpg,Istanbul
image_18032.jpg,Izmir
image_18033.jpg,Istanbul
image_18034.jpg,Ankara
image_18035.jpg,Izmir
image_18036.jpg,Izmir
image_18037.jpg,Izmir
image_18038.jpg,Ankara
image_18039.jpg,Izmir
image_18040.jpg,Ankara
image_18041.jpg,Istanbul
image_18042.jpg,Ankara
image_18043.jpg,Ankara
image_18044.jpg,Izmir
image_18045.jpg,Istanbul
image_18046.jpg,Istanbul
image_18047.jpg,Ankara
image_18048.jpg,Izmir
image_18049.jpg,Istanbul
image_18050.jpg,Istanbul
image_18051.jpg,Ankara
image_18052.jpg,Izmir
image_18053.jpg,Istanbul
image_18054.jpg,Istanbul
image_18055.jpg,Istanbul
image_18056.jpg,Izmir
image_18057.jpg,Istanbul
image_18058.jpg,Istanbul
image_18059.jpg,Istanbul
image_18060.jpg,Izmir
image_18061.jpg,Izmir
image_18062.jpg,Istanbul
image_18063.jpg,Istanbul
image_18064.jpg,Ankara
image_18065.jpg,Izmir
image_18066.jpg,Istanbul
image_18067.jpg,Istanbul
image_18068.jpg,Izmir
image_18069.jpg,Istanbul
image_18070.jpg,Ankara
image_18071.jpg,Istanbul
image_18072.jpg,Ankara
image_18073.jpg,Istanbul
image_18074.jpg,Istanbul
image_18075.jpg,Istanbul
image_18076.jpg,Istanbul
image_18077.jpg,Izmir
image_18078.jpg,Ankara
image_18079.jpg,Izmir
image_18080.jpg,Izmir
image_18081.jpg,Ankara
image_18082.jpg,Ankara
image_18083.jpg,Ankara
image_18084.jpg,Ankara
image_18085.jpg,Ankara
image_18086.jpg,Ankara
image_18087.jpg,Ankara
image_18088.jpg,Istanbul
image_18089.jpg,Istanbul
image_18090.jpg,Izmir
image_18091.jpg,Ankara
image_18092.jpg,Izmir
image_18093.jpg,Istanbul
image_18094.jpg,Istanbul
image_18095.jpg,Izmir
image_18096.jpg,Ankara
image_18097.jpg,Istanbul
image_18098.jpg,Istanbul
image_18099.jpg,Ankara
image_18100.jpg,Ankara
image_18101.jpg,Istanbul
image_18102.jpg,Istanbul
image_18103.jpg,Istanbul
image_18104.jpg,Istanbul
image_18105.jpg,Istanbul
image_18106.jpg,Ankara
image_18107.jpg,Izmir
image_18108.jpg,Izmir
image_18109.jpg,Izmir
image_18110.jpg,Izmir
image_18111.jpg,Ankara
image_18112.jpg,Ankara
image_18113.jpg,Izmir
image_18114.jpg,Izmir
image_18115.jpg,Istanbul
image_18116.jpg,Istanbul
image_18117.jpg,Ankara
image_18118.jpg,Izmir
image_18119.jpg,Ankara
image_18120.jpg,Ankara
image_18121.jpg,Ankara
image_18122.jpg,Ankara
image_18123.jpg,Izmir
image_18124.jpg,Istanbul
image_18125.jpg,Istanbul
image_18126.jpg,Ankara
image_18127.jpg,Istanbul
image_18128.jpg,Izmir
image_18129.jpg,Ankara
image_18130.jpg,Istanbul
image_18131.jpg,Istanbul
image_18132.jpg,Istanbul
image_18133.jpg,Izmir
image_18134.jpg,Istanbul
image_18135.jpg,Istanbul
image_18136.jpg,Ankara
image_18137.jpg,Ankara
image_18138.jpg,Izmir
image_18139.jpg,Izmir
image_18140.jpg,Izmir
image_18141.jpg,Ankara
image_18142.jpg,Ankara
image_18143.jpg,Ankara
image_18144.jpg,Izmir
image_18145.jpg,Istanbul
image_18146.jpg,Ankara
image_18147.jpg,Izmir
image_18148.jpg,Izmir
image_18149.jpg,Istanbul
image_18150.jpg,Ankara
image_18151.jpg,Izmir
image_18152.jpg,Izmir
image_18153.jpg,Ankara
image_18154.jpg,Ankara
image_18155.jpg,Istanbul
image_18156.jpg,Istanbul
image_18157.jpg,Istanbul
image_18158.jpg,Ankara
image_18159.jpg,Istanbul
image_18160.jpg,Izmir
image_18161.jpg,Istanbul
image_18162.jpg,Izmir
image_18163.jpg,Istanbul
image_18164.jpg,Istanbul
image_18165.jpg,Istanbul
image_18166.jpg,Izmir
image_18167.jpg,Ankara
image_18168.jpg,Izmir
image_18169.jpg,Istanbul
image_18170.jpg,Istanbul
image_18171.jpg,Ankara
image_18172.jpg,Ankara
image_18173.jpg,Izmir
image_18174.jpg,Istanbul
image_18175.jpg,Istanbul
image_18176.jpg,Izmir
image_18177.jpg,Izmir
image_18178.jpg,Izmir
image_18179.jpg,Izmir
image_18180.jpg,Izmir
image_18181.jpg,Izmir
image_18182.jpg,Istanbul
image_18183.jpg,Izmir
image_18184.jpg,Ankara
image_18185.jpg,Istanbul
image_18186.jpg,Istanbul
image_18187.jpg,Ankara
image_18188.jpg,Istanbul
image_18189.jpg,Istanbul
image_18190.jpg,Istanbul
image_18191.jpg,Ankara
image_18192.jpg,Istanbul
image_18193.jpg,Istanbul
image_18194.jpg,Izmir
image_18195.jpg,Ankara
image_18196.jpg,Izmir
image_18197.jpg,Izmir
image_18198.jpg,Izmir
image_18199.jpg,Istanbul
image_18200.jpg,Istanbul
image_18201.jpg,Istanbul
image_18202.jpg,Istanbul
image_18203.jpg,Istanbul
image_18204.jpg,Izmir
image_18205.jpg,Istanbul
image_18206.jpg,Istanbul
image_18207.jpg,Izmir
image_18208.jpg,Ankara
image_18209.jpg,Istanbul
image_18210.jpg,Izmir
image_18211.jpg,Izmir
image_18212.jpg,Ankara
image_18213.jpg,Izmir
image_18214.jpg,Istanbul
image_18215.jpg,Ankara
image_18216.jpg,Istanbul
image_18217.jpg,Izmir
image_18218.jpg,Izmir
image_18219.jpg,Ankara
image_18220.jpg,Istanbul
image_18221.jpg,Izmir
image_18222.jpg,Istanbul
image_18223.jpg,Istanbul
image_18224.jpg,Ankara
image_18225.jpg,Ankara
image_18226.jpg,Izmir
image_18227.jpg,Istanbul
image_18228.jpg,Ankara
image_18229.jpg,Ankara
image_18230.jpg,Istanbul
image_18231.jpg,Istanbul
image_18232.jpg,Izmir
image_18233.jpg,Istanbul
image_18234.jpg,Izmir
image_18235.jpg,Izmir
image_18236.jpg,Ankara
image_18237.jpg,Ankara
image_18238.jpg,Izmir
image_18239.jpg,Istanbul
image_18240.jpg,Istanbul
image_18241.jpg,Istanbul
image_18242.jpg,Istanbul
image_18243.jpg,Izmir
image_18244.jpg,Istanbul
image_18245.jpg,Izmir
image_18246.jpg,Ankara
image_18247.jpg,Istanbul
image_18248.jpg,Istanbul
image_18249.jpg,Istanbul
image_18250.jpg,Istanbul
image_18251.jpg,Istanbul
image_18252.jpg,Izmir
image_18253.jpg,Ankara
image_18254.jpg,Istanbul
image_18255.jpg,Istanbul
image_18256.jpg,Istanbul
image_18257.jpg,Istanbul
image_18258.jpg,Ankara
image_18259.jpg,Istanbul
image_18260.jpg,Ankara
image_18261.jpg,Istanbul
image_18262.jpg,Ankara
image_18263.jpg,Ankara
image_18264.jpg,Izmir
image_18265.jpg,Ankara
image_18266.jpg,Ankara
image_18267.jpg,Izmir
image_18268.jpg,Izmir
image_18269.jpg,Ankara
image_18270.jpg,Izmir
image_18271.jpg,Izmir
image_18272.jpg,Izmir
image_18273.jpg,Istanbul
image_18274.jpg,Ankara
image_18275.jpg,Ankara
image_18276.jpg,Istanbul
image_18277.jpg,Istanbul
image_18278.jpg,Ankara
image_18279.jpg,Izmir
image_18280.jpg,Izmir
image_18281.jpg,Izmir
image_18282.jpg,Ankara
image_18283.jpg,Istanbul
image_18284.jpg,Izmir
image_18285.jpg,Izmir
image_18286.jpg,Istanbul
image_18287.jpg,Izmir
image_18288.jpg,Izmir
image_18289.jpg,Izmir
image_18290.jpg,Izmir
image_18291.jpg,Istanbul
image_18292.jpg,Ankara
image_18293.jpg,Izmir
image_18294.jpg,Izmir
image_18295.jpg,Ankara
image_18296.jpg,Istanbul
image_18297.jpg,Izmir
image_18298.jpg,Istanbul
image_18299.jpg,Istanbul
image_18300.jpg,Istanbul
image_18301.jpg,Istanbul
image_18302.jpg,Ankara
image_18303.jpg,Izmir
image_18304.jpg,Izmir
image_18305.jpg,Istanbul
image_18306.jpg,Ankara
image_18307.jpg,Istanbul
image_18308.jpg,Ankara
image_18309.jpg,Istanbul
image_18310.jpg,Istanbul
image_18311.jpg,Istanbul
image_18312.jpg,Istanbul
image_18313.jpg,Ankara
image_18314.jpg,Izmir
image_18315.jpg,Izmir
image_18316.jpg,Ankara
image_18317.jpg,Istanbul
image_18318.jpg,Istanbul
image_18319.jpg,Ankara
image_18320.jpg,Ankara
image_18321.jpg,Ankara
image_18322.jpg,Istanbul
image_18323.jpg,Ankara
image_18324.jpg,Istanbul
image_18325.jpg,Istanbul
image_18326.jpg,Istanbul
image_18327.jpg,Izmir
image_18328.jpg,Istanbul
image_18329.jpg,Istanbul
image_18330.jpg,Izmir
image_18331.jpg,Istanbul
image_18332.jpg,Izmir
image_18333.jpg,Izmir
image_18334.jpg,Izmir
image_18335.jpg,Ankara
image_18336.jpg,Izmir
image_18337.jpg,Istanbul
image_18338.jpg,Istanbul
image_18339.jpg,Ankara
image_18340.jpg,Ankara
image_18341.jpg,Istanbul
image_18342.jpg,Izmir
image_18343.jpg,Izmir
image_18344.jpg,Ankara
image_18345.jpg,Izmir
image_18346.jpg,Ankara
image_18347.jpg,Istanbul
image_18348.jpg,Istanbul
image_18349.jpg,Ankara
image_18350.jpg,Izmir
image_18351.jpg,Ankara
image_18352.jpg,Ankara
image_18353.jpg,Ankara
image_18354.jpg,Ankara
image_18355.jpg,Ankara
image_18356.jpg,Istanbul
image_18357.jpg,Izmir
image_18358.jpg,Izmir
image_18359.jpg,Istanbul
image_18360.jpg,Ankara
image_18361.jpg,Izmir
image_18362.jpg,Istanbul
image_18363.jpg,Izmir
image_18364.jpg,Istanbul
image_18365.jpg,Istanbul
image_18366.jpg,Izmir
image_18367.jpg,Istanbul
image_18368.jpg,Izmir
image_18369.jpg,Izmir
image_18370.jpg,Izmir
image_18371.jpg,Izmir
image_18372.jpg,Izmir
image_18373.jpg,Ankara
image_18374.jpg,Istanbul
image_18375.jpg,Ankara
image_18376.jpg,Izmir
image_18377.jpg,Istanbul
image_18378.jpg,Istanbul
image_18379.jpg,Istanbul
image_18380.jpg,Istanbul
image_18381.jpg,Ankara
image_18382.jpg,Izmir
image_18383.jpg,Istanbul
image_18384.jpg,Izmir
image_18385.jpg,Istanbul
image_18386.jpg,Istanbul
image_18387.jpg,Izmir
image_18388.jpg,Istanbul
image_18389.jpg,Ankara
image_18390.jpg,Izmir
image_18391.jpg,Izmir
image_18392.jpg,Izmir
image_18393.jpg,Izmir
image_18394.jpg,Ankara
image_18395.jpg,Ankara
image_18396.jpg,Ankara
image_18397.jpg,Izmir
image_18398.jpg,Izmir
image_18399.jpg,Izmir
image_18400.jpg,Izmir
image_18401.jpg,Izmir
image_18402.jpg,Istanbul
image_18403.jpg,Ankara
image_18404.jpg,Izmir
image_18405.jpg,Istanbul
image_18406.jpg,Istanbul
image_18407.jpg,Ankara
image_18408.jpg,Ankara
image_18409.jpg,Istanbul
image_18410.jpg,Ankara
image_18411.jpg,Istanbul
image_18412.jpg,Ankara
image_18413.jpg,Istanbul
image_18414.jpg,Ankara
image_18415.jpg,Ankara
image_18416.jpg,Istanbul
image_18417.jpg,Ankara
image_18418.jpg,Istanbul
image_18419.jpg,Izmir
image_18420.jpg,Istanbul
image_18421.jpg,Ankara
image_18422.jpg,Istanbul
image_18423.jpg,Izmir
image_18424.jpg,Ankara
image_18425.jpg,Izmir
image_18426.jpg,Izmir
image_18427.jpg,Izmir
image_18428.jpg,Istanbul
image_18429.jpg,Ankara
image_18430.jpg,Izmir
image_18431.jpg,Istanbul
image_18432.jpg,Ankara
image_18433.jpg,Istanbul
image_18434.jpg,Izmir
image_18435.jpg,Izmir
image_18436.jpg,Ankara
image_18437.jpg,Ankara
image_18438.jpg,Izmir
image_18439.jpg,Izmir
image_18440.jpg,Izmir
image_18441.jpg,Ankara
image_18442.jpg,Istanbul
image_18443.jpg,Ankara
image_18444.jpg,Ankara
image_18445.jpg,Izmir
image_18446.jpg,Istanbul
image_18447.jpg,Izmir
image_18448.jpg,Izmir
image_18449.jpg,Ankara
image_18450.jpg,Izmir
image_18451.jpg,Izmir
image_18452.jpg,Istanbul
image_18453.jpg,Izmir
image_18454.jpg,Istanbul
image_18455.jpg,Izmir
image_18456.jpg,Ankara
image_18457.jpg,Ankara
image_18458.jpg,Ankara
image_18459.jpg,Ankara
image_18460.jpg,Ankara
image_18461.jpg,Ankara
image_18462.jpg,Istanbul
image_18463.jpg,Izmir
image_18464.jpg,Ankara
image_18465.jpg,Istanbul
image_18466.jpg,Istanbul
image_18467.jpg,Ankara
image_18468.jpg,Izmir
image_18469.jpg,Izmir
image_18470.jpg,Istanbul
image_18471.jpg,Izmir
image_18472.jpg,Ankara
image_18473.jpg,Istanbul
image_18474.jpg,Izmir
image_18475.jpg,Ankara
image_18476.jpg,Istanbul
image_18477.jpg,Ankara
image_18478.jpg,Ankara
image_18479.jpg,Ankara
image_18480.jpg,Ankara
image_18481.jpg,Istanbul
image_18482.jpg,Istanbul
image_18483.jpg,Istanbul
image_18484.jpg,Izmir
image_18485.jpg,Ankara
image_18486.jpg,Istanbul
image_18487.jpg,Izmir
image_18488.jpg,Izmir
image_18489.jpg,Izmir
image_18490.jpg,Izmir
image_18491.jpg,Ankara
image_18492.jpg,Istanbul
image_18493.jpg,Ankara
image_18494.jpg,Istanbul
image_18495.jpg,Ankara
image_18496.jpg,Izmir
image_18497.jpg,Ankara
image_18498.jpg,Istanbul
image_18499.jpg,Istanbul
image_18500.jpg,Istanbul
image_18501.jpg,Ankara
image_18502.jpg,Istanbul
image_18503.jpg,Ankara
image_18504.jpg,Istanbul
image_18505.jpg,Izmir
image_18506.jpg,Izmir
image_18507.jpg,Ankara
image_18508.jpg,Izmir
image_18509.jpg,Izmir
image_18510.jpg,Istanbul
image_18511.jpg,Istanbul
image_18512.jpg,Izmir
image_18513.jpg,Ankara
image_18514.jpg,Istanbul
image_18515.jpg,Izmir
image_18516.jpg,Istanbul
image_18517.jpg,Istanbul
image_18518.jpg,Istanbul
image_18519.jpg,Izmir
image_18520.jpg,Ankara
image_18521.jpg,Izmir
image_18522.jpg,Istanbul
image_18523.jpg,Istanbul
image_18524.jpg,Izmir
image_18525.jpg,Istanbul
image_18526.jpg,Ankara
image_18527.jpg,Istanbul
image_18528.jpg,Istanbul
image_18529.jpg,Istanbul
image_18530.jpg,Izmir
image_18531.jpg,Istanbul
image_18532.jpg,Istanbul
image_18533.jpg,Istanbul
image_18534.jpg,Ankara
image_18535.jpg,Izmir
image_18536.jpg,Izmir
image_18537.jpg,Ankara
image_18538.jpg,Istanbul
image_18539.jpg,Istanbul
image_18540.jpg,Ankara
image_18541.jpg,Istanbul
image_18542.jpg,Izmir
image_18543.jpg,Istanbul
image_18544.jpg,Istanbul
image_18545.jpg,Ankara
image_18546.jpg,Ankara
image_18547.jpg,Istanbul
image_18548.jpg,Izmir
image_18549.jpg,Istanbul
image_18550.jpg,Izmir
image_18551.jpg,Izmir
image_18552.jpg,Ankara
image_18553.jpg,Izmir
image_18554.jpg,Izmir
image_18555.jpg,Istanbul
image_18556.jpg,Istanbul
image_18557.jpg,Istanbul
image_18558.jpg,Izmir
image_18559.jpg,Izmir
image_18560.jpg,Istanbul
image_18561.jpg,Istanbul
image_18562.jpg,Izmir
image_18563.jpg,Istanbul
image_18564.jpg,Ankara
image_18565.jpg,Ankara
image_18566.jpg,Istanbul
image_18567.jpg,Ankara
image_18568.jpg,Ankara
image_18569.jpg,Izmir
image_18570.jpg,Ankara
image_18571.jpg,Istanbul
image_18572.jpg,Ankara
image_18573.jpg,Ankara
image_18574.jpg,Istanbul
image_18575.jpg,Istanbul
image_18576.jpg,Istanbul
image_18577.jpg,Istanbul
image_18578.jpg,Istanbul
image_18579.jpg,Istanbul
image_18580.jpg,Istanbul
image_18581.jpg,Ankara
image_18582.jpg,Istanbul
image_18583.jpg,Ankara
image_18584.jpg,Istanbul
image_18585.jpg,Izmir
image_18586.jpg,Istanbul
image_18587.jpg,Istanbul
image_18588.jpg,Istanbul
image_18589.jpg,Istanbul
image_18590.jpg,Ankara
image_18591.jpg,Izmir
image_18592.jpg,Istanbul
image_18593.jpg,Izmir
image_18594.jpg,Izmir
image_18595.jpg,Ankara
image_18596.jpg,Istanbul
image_18597.jpg,Izmir
image_18598.jpg,Istanbul
image_18599.jpg,Ankara
image_18600.jpg,Istanbul
image_18601.jpg,Istanbul
image_18602.jpg,Istanbul
image_18603.jpg,Istanbul
image_18604.jpg,Istanbul
image_18605.jpg,Ankara
image_18606.jpg,Ankara
image_18607.jpg,Ankara
image_18608.jpg,Izmir
image_18609.jpg,Izmir
image_18610.jpg,Ankara
image_18611.jpg,Istanbul
image_18612.jpg,Ankara
image_18613.jpg,Ankara
image_18614.jpg,Istanbul
image_18615.jpg,Ankara
image_18616.jpg,Izmir
image_18617.jpg,Izmir
image_18618.jpg,Izmir
image_18619.jpg,Ankara
image_18620.jpg,Istanbul
image_18621.jpg,Izmir
image_18622.jpg,Izmir
image_18623.jpg,Ankara
image_18624.jpg,Ankara
image_18625.jpg,Ankara
image_18626.jpg,Istanbul
image_18627.jpg,Istanbul
image_18628.jpg,Izmir
image_18629.jpg,Istanbul
image_18630.jpg,Istanbul
image_18631.jpg,Izmir
image_18632.jpg,Izmir
image_18633.jpg,Izmir
image_18634.jpg,Istanbul
image_18635.jpg,Ankara
image_18636.jpg,Istanbul
image_18637.jpg,Istanbul
image_18638.jpg,Istanbul
image_18639.jpg,Ankara
image_18640.jpg,Izmir
image_18641.jpg,Izmir
image_18642.jpg,Ankara
image_18643.jpg,Ankara
image_18644.jpg,Izmir
image_18645.jpg,Ankara
image_18646.jpg,Istanbul
image_18647.jpg,Ankara
image_18648.jpg,Izmir
image_18649.jpg,Ankara
image_18650.jpg,Ankara
image_18651.jpg,Izmir
image_18652.jpg,Ankara
image_18653.jpg,Izmir
image_18654.jpg,Istanbul
image_18655.jpg,Izmir
image_18656.jpg,Ankara
image_18657.jpg,Istanbul
image_18658.jpg,Izmir
image_18659.jpg,Istanbul
image_18660.jpg,Izmir
image_18661.jpg,Izmir
image_18662.jpg,Istanbul
image_18663.jpg,Izmir
image_18664.jpg,Istanbul
image_18665.jpg,Izmir
image_18666.jpg,Istanbul
image_18667.jpg,Istanbul
image_18668.jpg,Izmir
image_18669.jpg,Istanbul
image_18670.jpg,Istanbul
image_18671.jpg,Izmir
image_18672.jpg,Istanbul
image_18673.jpg,Istanbul
image_18674.jpg,Ankara
image_18675.jpg,Izmir
image_18676.jpg,Izmir
image_18677.jpg,Izmir
image_18678.jpg,Ankara
image_18679.jpg,Ankara
image_18680.jpg,Istanbul
image_18681.jpg,Izmir
image_18682.jpg,Ankara
image_18683.jpg,Istanbul
image_18684.jpg,Istanbul
image_18685.jpg,Izmir
image_18686.jpg,Istanbul
image_18687.jpg,Izmir
image_18688.jpg,Izmir
image_18689.jpg,Izmir
image_18690.jpg,Ankara
image_18691.jpg,Istanbul
image_18692.jpg,Ankara
image_18693.jpg,Izmir
image_18694.jpg,Ankara
image_18695.jpg,Izmir
image_18696.jpg,Istanbul
image_18697.jpg,Istanbul
image_18698.jpg,Istanbul
image_18699.jpg,Istanbul
image_18700.jpg,Izmir
image_18701.jpg,Izmir
image_18702.jpg,Istanbul
image_18703.jpg,Istanbul
image_18704.jpg,Istanbul
image_18705.jpg,Istanbul
image_18706.jpg,Istanbul
image_18707.jpg,Izmir
image_18708.jpg,Istanbul
image_18709.jpg,Istanbul
image_18710.jpg,Ankara
image_18711.jpg,Istanbul
image_18712.jpg,Ankara
image_18713.jpg,Izmir
image_18714.jpg,Ankara
image_18715.jpg,Ankara
image_18716.jpg,Izmir
image_18717.jpg,Ankara
image_18718.jpg,Istanbul
image_18719.jpg,Istanbul
image_18720.jpg,Istanbul
image_18721.jpg,Izmir
image_18722.jpg,Istanbul
image_18723.jpg,Ankara
image_18724.jpg,Istanbul
image_18725.jpg,Izmir
image_18726.jpg,Istanbul
image_18727.jpg,Istanbul
image_18728.jpg,Istanbul
image_18729.jpg,Ankara
image_18730.jpg,Istanbul
image_18731.jpg,Istanbul
image_18732.jpg,Izmir
image_18733.jpg,Ankara
image_18734.jpg,Izmir
image_18735.jpg,Istanbul
image_18736.jpg,Izmir
image_18737.jpg,Izmir
image_18738.jpg,Istanbul
image_18739.jpg,Izmir
image_18740.jpg,Izmir
image_18741.jpg,Istanbul
image_18742.jpg,Izmir
image_18743.jpg,Istanbul
image_18744.jpg,Ankara
image_18745.jpg,Izmir
image_18746.jpg,Istanbul
image_18747.jpg,Istanbul
image_18748.jpg,Ankara
image_18749.jpg,Istanbul
image_18750.jpg,Ankara
image_18751.jpg,Istanbul
image_18752.jpg,Izmir
image_18753.jpg,Izmir
image_18754.jpg,Ankara
image_18755.jpg,Izmir
image_18756.jpg,Izmir
image_18757.jpg,Izmir
image_18758.jpg,Ankara
image_18759.jpg,Izmir
image_18760.jpg,Istanbul
image_18761.jpg,Izmir
image_18762.jpg,Istanbul
image_18763.jpg,Izmir
image_18764.jpg,Izmir
image_18765.jpg,Ankara
image_18766.jpg,Izmir
image_18767.jpg,Izmir
image_18768.jpg,Izmir
image_18769.jpg,Istanbul
image_18770.jpg,Istanbul
image_18771.jpg,Istanbul
image_18772.jpg,Ankara
image_18773.jpg,Istanbul
image_18774.jpg,Istanbul
image_18775.jpg,Ankara
image_18776.jpg,Izmir
image_18777.jpg,Ankara
image_18778.jpg,Izmir
image_18779.jpg,Ankara
image_18780.jpg,Ankara
image_18781.jpg,Izmir
image_18782.jpg,Izmir
image_18783.jpg,Ankara
image_18784.jpg,Ankara
image_18785.jpg,Izmir
image_18786.jpg,Istanbul
image_18787.jpg,Ankara
image_18788.jpg,Ankara
image_18789.jpg,Izmir
image_18790.jpg,Izmir
image_18791.jpg,Izmir
image_18792.jpg,Izmir
image_18793.jpg,Istanbul
image_18794.jpg,Izmir
image_18795.jpg,Istanbul
image_18796.jpg,Izmir
image_18797.jpg,Istanbul
image_18798.jpg,Izmir
image_18799.jpg,Ankara
image_18800.jpg,Ankara
image_18801.jpg,Istanbul
image_18802.jpg,Istanbul
image_18803.jpg,Istanbul
image_18804.jpg,Izmir
image_18805.jpg,Ankara
image_18806.jpg,Izmir
image_18807.jpg,Izmir
image_18808.jpg,Ankara
image_18809.jpg,Izmir
image_18810.jpg,Istanbul
image_18811.jpg,Ankara
image_18812.jpg,Ankara
image_18813.jpg,Istanbul
image_18814.jpg,Ankara
image_18815.jpg,Izmir
image_18816.jpg,Ankara
image_18817.jpg,Istanbul
image_18818.jpg,Ankara
image_18819.jpg,Istanbul
image_18820.jpg,Izmir
image_18821.jpg,Ankara
image_18822.jpg,Ankara
image_18823.jpg,Izmir
image_18824.jpg,Izmir
image_18825.jpg,Istanbul
image_18826.jpg,Ankara
image_18827.jpg,Izmir
image_18828.jpg,Istanbul
image_18829.jpg,Istanbul
image_18830.jpg,Izmir
image_18831.jpg,Izmir
image_18832.jpg,Izmir
image_18833.jpg,Istanbul
image_18834.jpg,Istanbul
image_18835.jpg,Istanbul
image_18836.jpg,Izmir
image_18837.jpg,Istanbul
image_18838.jpg,Istanbul
image_18839.jpg,Ankara
image_18840.jpg,Izmir
image_18841.jpg,Izmir
image_18842.jpg,Ankara
image_18843.jpg,Istanbul
image_18844.jpg,Izmir
image_18845.jpg,Ankara
image_18846.jpg,Izmir
image_18847.jpg,Izmir
image_18848.jpg,Ankara
image_18849.jpg,Ankara
image_18850.jpg,Ankara
image_18851.jpg,Istanbul
image_18852.jpg,Ankara
image_18853.jpg,Ankara
image_18854.jpg,Izmir
image_18855.jpg,Ankara
image_18856.jpg,Istanbul
image_18857.jpg,Ankara
image_18858.jpg,Ankara
image_18859.jpg,Izmir
image_18860.jpg,Istanbul
image_18861.jpg,Istanbul
image_18862.jpg,Istanbul
image_18863.jpg,Ankara
image_18864.jpg,Istanbul
image_18865.jpg,Istanbul
image_18866.jpg,Ankara
image_18867.jpg,Ankara
image_18868.jpg,Istanbul
image_18869.jpg,Ankara
image_18870.jpg,Istanbul
image_18871.jpg,Istanbul
image_18872.jpg,Ankara
image_18873.jpg,Istanbul
image_18874.jpg,Istanbul
image_18875.jpg,Istanbul
image_18876.jpg,Istanbul
image_18877.jpg,Istanbul
image_18878.jpg,Istanbul
image_18879.jpg,Istanbul
image_18880.jpg,Istanbul
image_18881.jpg,Ankara
image_18882.jpg,Izmir
image_18883.jpg,Ankara
image_18884.jpg,Ankara
image_18885.jpg,Istanbul
image_18886.jpg,Ankara
image_18887.jpg,Ankara
image_18888.jpg,Ankara
image_18889.jpg,Istanbul
image_18890.jpg,Ankara
image_18891.jpg,Istanbul
image_18892.jpg,Ankara
image_18893.jpg,Izmir
image_18894.jpg,Istanbul
image_18895.jpg,Izmir
image_18896.jpg,Istanbul
image_18897.jpg,Istanbul
image_18898.jpg,Istanbul
image_18899.jpg,Istanbul
image_18900.jpg,Istanbul
image_18901.jpg,Izmir
image_18902.jpg,Istanbul
image_18903.jpg,Istanbul
image_18904.jpg,Izmir
image_18905.jpg,Izmir
image_18906.jpg,Istanbul
image_18907.jpg,Istanbul
image_18908.jpg,Ankara
image_18909.jpg,Ankara
image_18910.jpg,Istanbul
image_18911.jpg,Ankara
image_18912.jpg,Izmir
image_18913.jpg,Istanbul
image_18914.jpg,Ankara
image_18915.jpg,Izmir
image_18916.jpg,Ankara
image_18917.jpg,Istanbul
image_18918.jpg,Ankara
image_18919.jpg,Istanbul
image_18920.jpg,Istanbul
image_18921.jpg,Istanbul
image_18922.jpg,Ankara
image_18923.jpg,Izmir
image_18924.jpg,Izmir
image_18925.jpg,Ankara
image_18926.jpg,Izmir
image_18927.jpg,Ankara
image_18928.jpg,Istanbul
image_18929.jpg,Izmir
image_18930.jpg,Izmir
image_18931.jpg,Ankara
image_18932.jpg,Ankara
image_18933.jpg,Istanbul
image_18934.jpg,Izmir
image_18935.jpg,Istanbul
image_18936.jpg,Izmir
image_18937.jpg,Istanbul
image_18938.jpg,Izmir
image_18939.jpg,Ankara
image_18940.jpg,Izmir
image_18941.jpg,Ankara
image_18942.jpg,Istanbul
image_18943.jpg,Istanbul
image_18944.jpg,Istanbul
image_18945.jpg,Ankara
image_18946.jpg,Izmir
image_18947.jpg,Ankara
image_18948.jpg,Istanbul
image_18949.jpg,Istanbul
image_18950.jpg,Istanbul
image_18951.jpg,Izmir
image_18952.jpg,Istanbul
image_18953.jpg,Istanbul
image_18954.jpg,Ankara
image_18955.jpg,Istanbul
image_18956.jpg,Istanbul
image_18957.jpg,Izmir
image_18958.jpg,Istanbul
image_18959.jpg,Istanbul
image_18960.jpg,Izmir
image_18961.jpg,Ankara
image_18962.jpg,Istanbul
image_18963.jpg,Ankara
image_18964.jpg,Izmir
image_18965.jpg,Izmir
image_18966.jpg,Istanbul
image_18967.jpg,Izmir
image_18968.jpg,Istanbul
image_18969.jpg,Istanbul
image_18970.jpg,Izmir
image_18971.jpg,Ankara
image_18972.jpg,Izmir
image_18973.jpg,Ankara
image_18974.jpg,Ankara
image_18975.jpg,Ankara
image_18976.jpg,Izmir
image_18977.jpg,Izmir
image_18978.jpg,Istanbul
image_18979.jpg,Ankara
image_18980.jpg,Izmir
image_18981.jpg,Izmir
image_18982.jpg,Ankara
image_18983.jpg,Istanbul
image_18984.jpg,Ankara
image_18985.jpg,Ankara
image_18986.jpg,Izmir
image_18987.jpg,Ankara
image_18988.jpg,Ankara
image_18989.jpg,Istanbul
image_18990.jpg,Ankara
image_18991.jpg,Izmir
image_18992.jpg,Istanbul
image_18993.jpg,Izmir
image_18994.jpg,Istanbul
image_18995.jpg,Istanbul
image_18996.jpg,Izmir
image_18997.jpg,Ankara
image_18998.jpg,Istanbul
image_18999.jpg,Ankara
